{
  "<en>": 32000,
  "<extra_id_0>": 32101,
  "<extra_id_10>": 32091,
  "<extra_id_11>": 32090,
  "<extra_id_12>": 32089,
  "<extra_id_13>": 32088,
  "<extra_id_14>": 32087,
  "<extra_id_15>": 32086,
  "<extra_id_16>": 32085,
  "<extra_id_17>": 32084,
  "<extra_id_18>": 32083,
  "<extra_id_19>": 32082,
  "<extra_id_1>": 32100,
  "<extra_id_20>": 32081,
  "<extra_id_21>": 32080,
  "<extra_id_22>": 32079,
  "<extra_id_23>": 32078,
  "<extra_id_24>": 32077,
  "<extra_id_25>": 32076,
  "<extra_id_26>": 32075,
  "<extra_id_27>": 32074,
  "<extra_id_28>": 32073,
  "<extra_id_29>": 32072,
  "<extra_id_2>": 32099,
  "<extra_id_30>": 32071,
  "<extra_id_31>": 32070,
  "<extra_id_32>": 32069,
  "<extra_id_33>": 32068,
  "<extra_id_34>": 32067,
  "<extra_id_35>": 32066,
  "<extra_id_36>": 32065,
  "<extra_id_37>": 32064,
  "<extra_id_38>": 32063,
  "<extra_id_39>": 32062,
  "<extra_id_3>": 32098,
  "<extra_id_40>": 32061,
  "<extra_id_41>": 32060,
  "<extra_id_42>": 32059,
  "<extra_id_43>": 32058,
  "<extra_id_44>": 32057,
  "<extra_id_45>": 32056,
  "<extra_id_46>": 32055,
  "<extra_id_47>": 32054,
  "<extra_id_48>": 32053,
  "<extra_id_49>": 32052,
  "<extra_id_4>": 32097,
  "<extra_id_50>": 32051,
  "<extra_id_51>": 32050,
  "<extra_id_52>": 32049,
  "<extra_id_53>": 32048,
  "<extra_id_54>": 32047,
  "<extra_id_55>": 32046,
  "<extra_id_56>": 32045,
  "<extra_id_57>": 32044,
  "<extra_id_58>": 32043,
  "<extra_id_59>": 32042,
  "<extra_id_5>": 32096,
  "<extra_id_60>": 32041,
  "<extra_id_61>": 32040,
  "<extra_id_62>": 32039,
  "<extra_id_63>": 32038,
  "<extra_id_64>": 32037,
  "<extra_id_65>": 32036,
  "<extra_id_66>": 32035,
  "<extra_id_67>": 32034,
  "<extra_id_68>": 32033,
  "<extra_id_69>": 32032,
  "<extra_id_6>": 32095,
  "<extra_id_70>": 32031,
  "<extra_id_71>": 32030,
  "<extra_id_72>": 32029,
  "<extra_id_73>": 32028,
  "<extra_id_74>": 32027,
  "<extra_id_75>": 32026,
  "<extra_id_76>": 32025,
  "<extra_id_77>": 32024,
  "<extra_id_78>": 32023,
  "<extra_id_79>": 32022,
  "<extra_id_7>": 32094,
  "<extra_id_80>": 32021,
  "<extra_id_81>": 32020,
  "<extra_id_82>": 32019,
  "<extra_id_83>": 32018,
  "<extra_id_84>": 32017,
  "<extra_id_85>": 32016,
  "<extra_id_86>": 32015,
  "<extra_id_87>": 32014,
  "<extra_id_88>": 32013,
  "<extra_id_89>": 32012,
  "<extra_id_8>": 32093,
  "<extra_id_90>": 32011,
  "<extra_id_91>": 32010,
  "<extra_id_92>": 32009,
  "<extra_id_93>": 32008,
  "<extra_id_94>": 32007,
  "<extra_id_95>": 32006,
  "<extra_id_96>": 32005,
  "<extra_id_97>": 32004,
  "<extra_id_98>": 32003,
  "<extra_id_99>": 32002,
  "<extra_id_9>": 32092,
  "<idap>": 32001
}
